No,EQ,RMET,OT,OXTRrs53,OXTRrs22,Sex
1,33,25,503.5,AA,GG,F
2,34,19,378.5,GG,GA,F
3,52,22,458.5,GG,GG,F
4,40,23,423.5,GG,GA,F
5,37,20,393.5,GG,GG,F
6,42,29,243.5,GA,GG,F
7,52,25,298.5,GG,GG,M
8,55,30,333.5,GG,GG,F
9,56,26,333.5,GG,GG,F
10,51,28,343.5,GG,GG,F
11,48,25,213.5,AA,GG,F
12,48,26,323.5,GG,GG,M
13,40,21,358.5,GA,GG,F
14,34,25,268.5,GA,GA,M
15,44,26,398.5,GA,GG,F
16,44,26,648.5,GA,GG,M
17,38,26,500,GA,GG,F
18,47,22,428.5,GG,AA,F
19,48,25,418.5,GG,GG,F
20,41,20,478.5,GG,GG,M
21,60,30,378.5,GG,GG,F
22,43,28,253.5,GA,GG,F
23,42,21,368.5,GA,GG,M
24,34,22,463.5,GA,GG,M
25,53,24,238.5,GA,GG,M
26,44,29,323.5,GG,GG,M
27,54,24,368.5,GG,GG,F
28,28,24,368.5,GA,GG,F
29,50,29,123.5,GG,GA,F
30,44,14,448.5,GA,GG,F
31,30,22,148.5,GG,GG,M
32,52,27,648.5,GG,GG,F
33,59,22,293.5,GG,GG,F
34,45,18,198.5,GA,GG,M
35,50,27,468.5,GG,GG,F
36,41,22,398.5,GA,GG,F
37,41,26,198.5,GA,GG,F
38,46,20,318.5,GG,GG,F
39,50,29,15.6,GA,GA,M
40,37,25,218.5,GG,GG,M
41,38,26,473.5,GG,GG,F
42,51,21,193.5,GG,GA,F
43,26,28,333.5,GA,GG,F
44,49,24,343.5,GG,GG,M
45,44,27,333.5,GA,GG,F
46,56,32,543.5,GG,GG,F
47,55,31,143.5,GG,GG,F
48,49,23,198.5,GA,GG,F
49,46,24,533.5,GG,GA,F
50,37,28,173.5,GA,GG,F
51,40,21,378.5,GA,GG,M
52,45,27,308.5,GA,GG,M
53,39,27,368.5,GA,GA,M
54,54,26,353.5,GG,GG,M
55,46,25,298.5,GG,GG,F
56,48,26,438.5,GA,GG,F
57,49,27,468.5,GA,GG,F
58,31,27,208.5,GG,GG,F
59,47,25,408.5,GG,GG,F
60,48,24,473.5,GA,GG,F
61,37,20,458.5,GG,GG,M
62,27,23,538.5,GA,GG,M
63,44,26,378.5,GA,GG,M
64,30,30,308.5,GA,GG,M
65,33,24,333.5,GA,GG,M
66,54,28,538.5,GG,GG,M
67,44,24,368.5,GA,GG,M
68,46,27,478.5,GA,GG,M
69,51,24,423.5,GA,GG,M
70,47,26,468.5,GG,GG,M
71,43,25,358.5,GA,GG,M
72,48,21,43.5,GG,GG,M
73,32,29,218.5,GG,GG,M
74,40,25,293.5,GA,GG,M